comment,label
"Que da√±o wn, de que chucha esta hablando, estos qliaos que insisten en que en alguna linea temporal fuimos una puta utop√≠a o algo y que debemos ""volver/recuperar"" eso cuando siempre hemos estado en la mierda, a veces con la cara afuera y respirando y otra con la pura √±ata, pero en la mierda al fin y al cabo.
Como chucha la gente cree el cuento mas encima, electorado qliao ignorante por las rechucha!.

Fin del ranteo.
Gracias por leer.



PD: No sabe ni hablar la se√±ora.",Ofensive
"Los psicologos y psiquiatras son todos una mafia. Profesion culia nefasta. No importa si salen de una privada o si fueron el mejor de su generacion ena cato y con magisteres en europa

Fuente: me atendi con casi 20 de esos weas. Tremendo gastadero de plata para que me trataran mal, y con prepotencia y condescendencia. Al final consegui presionar a una weona para que me diera diagnostico (los otros ctm siempre sacaban escusas e incluso intentaban humillarme para no darmelo), y me largue. Me diagnostico borderline alto. Lo curioso es que yo le mencione (y lo hice con todos los anteriores tambien) que constantemente me hago da√±o y que incluso tengo mi suicidio planeado. En su informe en ninguna parte lo menciono, pero si dijo que era preocupante que ""podria tener un bajo rendimiento en el trabajo"" e incluso que ""podria hacerle da√±o a un tercero si no se trata"" (jamas lo he hecho)",Ofensive
"Intercambio cultural, los weones vienen a chile y la pasan bien, nosotros vamos a culiar como chanchos y lo mismo. Aparte por el tema del axe a las minas les encantan los brazucas as√≠ que al venir les debe ir re bien.",Ofensive
"Bien presa po wn, wea perkin tratarlos de macacos",Ofensive
Wn mitomano,Ofensive
ooh la respuesta weona,Ofensive
"Literal la wea all√° tiene 19 upvote y 15 comentarios, ac√° tiene 33 upvotes y el 55 comentarios, insisto, est√°n peleando con las sombras.

Ahora me va a salir uno que me har√° una an√°lisis matem√°tico del total de usuarios all√° y ac√°, y como si hacemos uno proporci√≥n vemos que all√° todos son unos fachos culiaos.

Loco un weon que le√© la wea all√° no la volver√° a leer ac√°,  y viceversa, yo la le√≠ ac√° y por el comentario anterior fui de curioso a contrastar, lo que deber√≠a hacer cualquier qlo antes de comerse afirmaciones de cualquier tipo.",Ofensive
"Si wn los gringos juran esa wea, la otra vez me sali√≥ un v√≠deo de este abogado chanta que sube Reels en Youtube, diciendo que ac√° nos enojamos si vemos a alguien comer con las manos xD que chucha, el completo, la pizza, la hamburguesa, etc todo lo comemos as√≠ y los aweonaoos usan cuchillo y tenedor.",Ofensive
"Esa wea de taste atlas es una mentira tras otra...solo los weones le creen.

El s√°ndwich DEBE comerse con las manos. Esta en su esencia comerlo de esa forma.

Si es que llega a haber s√°ndwich tan cerdos que no puedes comerlos con las manos el problema est√° en la preparaci√≥n. M√°s a√∫n con esas weas de hamburguesas de 10 pisos que solo sirven para foros de instagram.",Ofensive
"Recuerdo cuando salio este ""fact"" hace como...10? 15 a√±os atras y lo primero que chilenos dijeron a esta wea fue ""weon que mierda estos qlios vinieron aca y nunca comieron empanadas? Sopaipillas? Completo?"" Ma encima",Ofensive
"que mierda estos qlios vinieron aca y nunca comieron empanadas? Sopaipillas? Completo?"" Ma encima weon de la tele que vino a chile como el anthony burdain o el andrew zimmer todos comian weas con la mano. Se trato de decirle a los",Ofensive
de la tele que vino a chile como el anthony burdain o el andrew zimmer todos comian weas con la mano. Se trato de decirle a los weones por twitter en su epoca que estaban puro mintiendo pero si la imagen que mandaste es reciente parcee que nunca pescaron,Ofensive
"la audacia y desfachatez de este wn de venir a criticar a marcelo sin siquiera estar usando una corbata en la foto, indecente qlo",Ofensive
"Estos weones no quieren gobernar, est√°n desesperados porque su candidata tomo tanto vuelo porque no sabr√≠an que hacer, de lo contrario no me explico este tipo de weas.",Ofensive
"me meti a los instagrams de esta weona para cachar el cahuin hace unos dias y esta media rarita, onda se nota muy de lejos que esta aprovechando el momento para sacar platita y fama. Anda rogando que le pesquen en la tele y cada dos dias promociona una cuenta nueva de IG para seguir contando ""su verdad"".


No quita lo funao del aweonao infiel de todas maneras.",Ofensive
Par de weones cumas.,Ofensive
"Ya se que me van a tildar de machista, ahorrenselo.

Ella es una victima, s√≠, y ella no merece el trato que karol dance, el funado que TODO CHILE CONOCE, le d√°. mi tema es:

""est√°n facil NO abrirle las patas a un funado o utilizar protecci√≥n y A√öN as√≠ no lo hacen"" aparte, la mina sabia que este we√≥n era casado (no es defensa a karol dance como si fuese un ""pobrecito"" que lo corrompieron, lo digo en el sentido que esta weona sabia del momento uno que este ql es funado y m√°s encima infiel). si me preguntan a m√≠, yo creo que esta",Ofensive
"sabia del momento uno que este ql es funado y m√°s encima infiel). si me preguntan a m√≠, yo creo que esta weona quer√≠a sus 5 minutos de fama y entrar en el mundo de las controversias faranduleras cumas, y quien mejor para despegarla en ese escenario o ambiente que el mismisimo karol dance?

en f√≠n, ya se que me dir√°n pero NOOOOOOOOOOOOOOOOOO como dices eso de una mujer y la we√°, ella es inocente, un angel, y blablabla....

y s√≠, pero es una mujer adulta, con conomiento de lo que estaba haciendo y metiendose, y ahora llora para las RRSS y la prensa? puro show, esta loca quer√≠a atenci√≥n y la est√° obteniendo. lastima nada m√°s que un posible ni√±o viene en camino con estos dos pap√°s de mierda.",Ofensive
Nah te downvotean por la respuesta weona que diste no m√°s,Ofensive
". Porque no, no voy a dejar de usar reddit porque veo un cahuin de unos weones que ni me importan. Pero si es v√°lido alegar y decir ""puta la wea a veces en el sub reddit de chile ponen weas como estas"" 

Aparte que si bien a muchos no nos interesa el cahuin este, hay mucha gente que si? Por algo tiene hartos upvotes el post XD cada uno con lo suyo no m√°s",Ofensive
"...compa, est√°s dando OTRA respuesta weona.",Ofensive
"As√≠ es. Celebraci√≥n qla weona, como si no fu√©ramos a morir todos eventualmente.",Ofensive
"En todo caso po, celebraci√≥n qla weona, celebran que muri√≥ feliz y en paz sin niun castigo.",Ofensive
Uy y que vai hacer al respecto wn ridiculo,Ofensive
"Miren yo soy el primero en querer hechar a Kast a Abu Dabi, pero que las mismas weonas que se callaron todo el caso Monsalve y la trabajadora que se suicid√≥ es ser ultra careraja XD",Ofensive
Ahora imagina lo que podr√≠a hacer el lavavajillas y la aspiradora robot si se masificaran! >!/s pa los weones!<,Ofensive
"Ni siquiera explican como sucedi√≥ XD

De verdad tienes que ser muy aweonao para creer que de verdad alguien se levanta con ganas de dispararle a una ni√±a, seguramente los padres weones la llevaron a una protesta y termin√≥ siendo victima de da√±o colateral. 

Ni siquiera en el articulo mencionan que sucedi√≥ especificamente.",Ofensive
"Uds mencionan Po weon, es historia, la historia de tu pa√≠s, tu eres el que se la est√° dando ordinariamente de revisionista, ignorante culiao",Ofensive
"Entonces Kast y Kaiser no son realmente de derecha, lo que implica que deber√≠a haber un Art√©s pero de derecha.

No ql, son dos weas bien distintas. Kast y Kaiser ni cagando son moderados, los dos weones se han mandado hartas declaraciones normales de un extremista ql. Boric en cambio se ha tirado a la izquierda radical entera encima por hacer weas moderadas.",Ofensive
Estoy 100 porciento de acuerdo en que estas han sido por lejos las elecciones con peores candidatos. Como va a ser tan dificil que se postule algun weon normal la csm.,Ofensive
"si las elecciones son cumas, imaginate cuando sean gobierno

Bachelet es una dama al lado wn",Ofensive
"se pasan de rosca sobretodo en ues-ey pero alla tienen esos casos donde un enfermo negacionista se rapta a una ni√±a para mantenerla en sus s√≥tano encadenada. 

el kapo mormon que es amigo de KAST se metio en dramas por que para, ""infiltrarse"" en redes de menores obligaba a mujeres a hacerse pasar por sus parejas y hacer weas turbias 

aca en chile se estan copiando algunas funas y llegan a maximos como ese, pero los mayores ejemplos son las palizas a los delincuentes que al final terminan siendo wns que estaban escapando de alguien que los queria asaltar.   
podriamos llegar al consenso de que si en chile hubiera porte de arma legal como en USA-texas mas de una de esas funas terminaria en gente muerta por balaceras, venganzas y tiroteos escolares (como el par que han habido √∫ltimamente)",Ofensive
"Esto es una wea soft hermano lol. Te es un aneurisma si vieras weas m√°s intensas de este nicho xDDDD

Deja a la gente ser feliz weon",Ofensive
Respuesta qla de pendejo wn,Ofensive
"Es super facil. Primero, chileautos es la peor plataforma de venta de vehiculos. Marketplace es el top1 para vender autos.

Segundo, marketplace es la peor plataforma para vender autos. Te van a hablar 1000 wns en una hora y de esos solo son 5 realmente interesados.

El precio es lo unico que realmente importa para vender el auto rapido. Si no lo has vendido es porque esta caro y el mercado se regula solo (te guste o no)

Para el pago es bastante sentido comun. Plata en mano y listo. Si eres aweonao de aceptar cheque y no cobrarlo de inmediato.... es culpa tuya que te cagen. Saldo contable en mi cuenta y recien ahi hago transferencia.

Si no quieres toda la paja que conlleva vender un auto de forma particular, vas a tener que perder plata y dejarlo en parte de pago por otro auto, dejarlo en una automotora y recibir el palo que te van a pegar porque obviamente ellos te van a pagar lo menos posible o dejas que un",Ofensive
"en una hora y de esos solo son 5 realmente interesados.

El precio es lo unico que realmente importa para vender el auto rapido. Si no lo has vendido es porque esta caro y el mercado se regula solo (te guste o no)

Para el pago es bastante sentido comun. Plata en mano y listo. Si eres aweonao de aceptar cheque y no cobrarlo de inmediato.... es culpa tuya que te cagen. Saldo contable en mi cuenta y recien ahi hago transferencia.

Si no quieres toda la paja que conlleva vender un auto de forma particular, vas a tener que perder plata y dejarlo en parte de pago por otro auto, dejarlo en una automotora y recibir el palo que te van a pegar porque obviamente ellos te van a pagar lo menos posible o dejas que un weon te lo venda y se lleva la comision.

Vendo autos todo el tiempo y se gana mas plata de forma particular, pero la cantidad de",Ofensive
"Meme certero, los viejos claramente no kchan mucho de computacion por obvias razones, las nuevas generaciones son super aweonaos en cuanto a tecnologia en mi experiencia, en la pega tenemos harto personal joven y los wnes saben de tik tok y Instagram pero weas utiles de computacion, casi nada, mientras que nuestra generaci√≥n abr√≠a pcs y nos mand√°bamos sus wenos mciver, hasta programas b√°sicos desarrolle en mis tiempos de ocio cuando chico y dise√±o de animaciones en flash, todo con el gran carg√°ndola aprendo.",Ofensive
buenos que no toman las buenas oportunidades es casi tan alta como la cantidad de weones penca que se tiran las weas todo el d√≠a esperando el finiquito.,Ofensive
"Allende era mas√≥n igual que varios ex presidentes .Los Masones no son una agrupaci√≥n misteriosa secreta ni diab√≥lica,¬† es pura conspiranoia de internet. El t√≠o de mi pareja era mas√≥n, tuvimos que ir a su funeral en la logia,cualquier weon podia entrar.¬† Tienen ritos aweonaos, nada distinto a los cat√≥licos o canutos la verdad.",Ofensive
"Igual es un mito lo de que hay q ser un prodigio para entrar o ser mas√≥n, ya que tiene las reglas por sangre al parecer, ademas que s√© que hay harto wn bien aweonao adentro",Ofensive
"Claro, igual es diferente ser aweonao y sacowea. Puede ser ""culto o intelectual"" pero aun asi un wn nefasto",Ofensive
", no es mas weona porque la posteaste m√°s tarde no mas",Ofensive
Igual los ingleses nos demostraron que alguin extremadamente weon puede hacer mover a la economia de forma increible... para mal,Ofensive
">ah√≠ la izquierda tiene que ser m√°s anal√≠tica

Mi compa, que no entendi√≥ la iron√≠a del comentario.

^(entendible, a veces tambi√©n me despierto re weon)",Ofensive
"Asaltaron a mi t√≠a con armas en el metro. Se subieron 4 tipos con armas al vag√≥n, y cuando el tren se empieza a mover, empiezan a amenazar a todos en el vag√≥n a robar weas.

Esto fue entre Quinta normal y cumming, ayer a las 9am. Los culiaos fueron uno por uno revisandolos a todos... No he visto reportes, no he visto noticias... nada, y ya van varias historias similares que he visto, solo que esta es la primera que me entero de patota con armas.¬†

Al llegar a cumming, salieron corriendo, avisaron a los guardias.... Y nada.

Weon... Que chucha nos pas√≥.


Edit: afinados los detalles.",Ofensive
"alfrente de mi casa hay un colegio y acabo de escuchar a un flaite esperandola salida de su hija

""wn choque el auto, iba a 140, lo hice recagar, se cruzo una vieja culia, pero pico con 300 lukas lo arreglo y corro denuevo""

y el",Ofensive
"choque el auto, iba a 140, lo hice recagar, se cruzo una vieja culia, pero pico con 300 lukas lo arreglo y corro denuevo""

y el wn lo contaba como si fuera una gran haza√±a, estaba orgullosisimo de cai morir, casi matar a una se√±ora, chocar el auto y perder 300 lukas

que wea tienen en la cabeza estos flaites reql que creen que las calles mal hechas y llenas de hoyos en santiago son ideales para hechar carreras

no les podemos regalar una psita pa que vallan amorirse por aya y no causen desastres aqui?",Ofensive
"Ah pero busca a sus amigos de udi o del partido republicano (el tema de su amigo empresario que se coludi√≥ con las otras empresas del pollo y que √©l quiere meter al gob), est√°s tapando el sol con un dedo. Adem√°s del tema de la evasi√≥n de impuestos tambi√©n tienes que es un wn con un set de morales extremadamente penca, anti 3 causales, anti matrimonio libre, anti ley cholito, pro liberar militares de punta peuco y seguramente muchas m√°s weas",Ofensive
"Traumado qlo, Te dieron de comer preposio acaso que ves judios en todos lados.  


O andas escaso de nepe y buscas nuevas aventuras. weon tonto",Ofensive
"""Aprende a debatir sin insultar weon eres terrible de traumado""

LA csm... xD

bueno d√©jame decirte que tu punto de vista es super imb√©cil. Aprende el significado de ser corrupto y luego hablamos.   
dudo que puedas aprender algo en todo caso",Ofensive
"Juventud qlia cuma, nada positivo, yo al menos a la edad de ellos todav√≠a jugaba a los legos, gogos y al ps 2 wn‚Ä¶",Ofensive
Ni una wea positiva de esta generacion reql de caca wn! Nada que rescatar pendejos reqls. No durarian una semana en un colegio con numero de los de antes,Ofensive
"Weones que creen que los flaites que van al estadio representan la opini√≥n de todo un pa√≠s...

Busque se un problema honesto sacos de weas",Ofensive
"Los chilenos le cantan en el futbol 'argentinos ...ones. Les quitaron las malvinas por weones'.
De ah√≠ nace el odio de vuelta si se murieron un monton de cabros chicos por esa wea y que vaya un culiao a tu pais a cantarte esa wea genera mala",Ofensive
"Yo fui a ese liceo. 

Sal√≠ el 2018 de cuarto. Fuimos la √∫ltima ""gran generaci√≥n"". 

Despu√©s el liceo se fue a a chucha, entre alumnos nuevos siendo violentos entre si, o con profes, recortes de presupuesto, casos de acoso sexual entre alumnos, etc. Incluso supe que recortaron presupuesto de programas que eran √∫tiles para los alumnos, como el PIE (antes era hasta 4to medio, ahora solo hasta 8vo) haciendo que la educaci√≥n sea mucho menos inclusiva o accesible para alumnos que si lo necesitan (claro wn, el cabro sordo, o ciego m√°gicamente deja de ser ciego en 1ro medio seguro...). 

  
Un amigo de la familia meti√≥ a su hija de 9 a√±os al liceo (desde 2019 aceptan ni√±as en b√°sica) y la sac√≥ al a√±o porque ctm",Ofensive
", el cabro sordo, o ciego m√°gicamente deja de ser ciego en 1ro medio seguro...). 

  
Un amigo de la familia meti√≥ a su hija de 9 a√±os al liceo (desde 2019 aceptan ni√±as en b√°sica) y la sac√≥ al a√±o porque ctm wn...el liceo es un bodrio. 

Lo encuentro s√∫per triste, porque el Lastarria, aunque imperfecto e igual con algo de protestas y tomas anuales, era de los mejores emblem√°ticos que iban quedando, ya que la wea anarka al peo no pegaba tanto en esa √©poca a como lo hace ahora.",Ofensive
"Leo comentarios y me imagino a weones de 30 a 35 en las protestas del 2006, pero como los que iban a acusarte al inspector si hablabas de mejoras en la eduacion en las asambleas de centros de alumnos ü§£

Hay un mont√≥n de weas truchas que ocurren en los colegios y en el sistema educacional chileno, pero cuando los pendejos se aburren de que los dejen pa mas rato, ustedes en lugar de ofenderse contra las autoridades que claramente son negligentes, prefieren echarle los perros a los pendejos por ""alterar al orden p√∫blico üò≠""",Ofensive
"Aqui uno de los picao a vios que andan tirando weas en la calle.

Obvio que molesta la wea po, como no va a molestar ir caminando por la calle y que empiezen a reventar weas al lado tuyo, que te pasen molotovs por el lado o que te agarren a wates estos pendejos ‚Äúrevolucionarios‚Äù. ¬øQue pasaria si algun dia por estas ‚Äú‚Äùprotestas‚Äù‚Äù muere alguien inocente? ¬øSeria el precio a pagar por la revolucion? porque de eso no tienen nada, no luchan por un fin, destrozan por destrozar y esos mismos recursos que se usan en un grupo de pendejos anarquistas son los mismos que no se pueden destinar al ciudadano comun y corriente que se tiene que levantar todos los dias para llevar el pan a su mesa.

Obvio que la protesta es un derecho y todo, estoy de acuerdo, mas de alguna vez he participado de alguna marcha y/o protesta PACIFICA, pero esta wea no tiene ningun fin, cual seria? creerse el anarquista revolucionario? estoy seguro que si agarras a ese cumulo de weones nadie te define lo que es anarquismo. Son pendejos culiaos creyendose vios y era nomas, si defiendes esta wea eres parte del problema.",Ofensive
"Hace poco un amigo se enojo con la se√±ora y le tiro de una ""si no queris que sigamos juntos dimelo altiro"", el ctm tiene 2 hijos con la mina y se la ha estado cagando por m√°s de 1 a√±o sin ni un poco cargo de consiencia.

Toda la mierda de moda que llego del feminismo radical contrastada con la realidad de los hombres, donde es realmente raro que quieran pasar toda la vida con la misma mujer o con una mujer (en el sentido que los gustos y la forma de vida de hombre y mujer no se parecen nada en mi experiencia), se me hace obvio que pase esto y lo veo en el dia a dia con mis amigos, por lo mismo no me case, con cuea el 20% de los wnes que se casaron que conozco siguen casados o estan fellizmente casados.",Ofensive
"Titulado de Redes, tengo aprox 5 a√±os de exp laboral en √°mbito p√∫blico (municipalidad) y despu√©s pas√© a contratista en Enap en privado, no creo que tenga mal CV y hasta pa postular a empresas tipo pyme o incluso soporte de impresoras y nada, mi polola ha tenido la suerte de encontrar pegas part time ya que no tiene t√≠tulo superior, siento que incluso ahora es mucho m√°s factible encontrar pega con cuarto medio que con la carrera terminada, se satur√≥ toda la wea profesional.
En 2018 cuando era un wn sin t√≠tulo literal postul√© a varias weas y me llamaban a todo, igual m√°s que el gobierno en concreto es una wea global, pero si, ta pal pico encontrar pega xdddd",Ofensive
"toy muy deacuerdo contigo csmmm, en dise√±o tan pidiendo una tracalada de weas de otras carreras que es increible, al final pa uno que ta reci√©n saliendo de la u no le queda mas que mentir pa tener una pega wnnn (yo bien sincero en vdd pero a una amiga le sirvi√≥, a amigos que egresaron ni los pescan)",Ofensive
"Weon, el otro dia veia una pagina sobre datos macro de paises de la UE de Europa del Este.¬†


Todos con desempleo bajo, crecimiento alto y sueldos despegando como un cohete ctm


Paises que antes estaban peor o igual que Chile en el 2010.¬†


Si, tengo envidia",Ofensive
", el otro dia veia una pagina sobre datos macro de paises de la UE de Europa del Este.¬†


Todos con desempleo bajo, crecimiento alto y sueldos despegando como un cohete ctm


Paises que antes estaban peor o igual que Chile en el 2010.¬†


Si, tengo envidia weon.",Ofensive
"Ayyyyy! Estos fachitos con sus graficos mentirosos financiados por medios de derecha y empresarios


Eso es mentira. El que no tiene trabajo es por flojo!!!!




Atte: un weon apititutado en el Estado que se salt√≥ el proceso de contrataci√≥n, gana 1 millon liquido, atiende como las weas a la gente, se caga en los cesantes y pide que voten por Jara",Ofensive
"Resultado obvio de la desuni√≥n y desinformaci√≥n de las naciones hispanas, con gente as√≠ de pendeja en el poder normal que los pa√≠ses de hispanoamerica tengan fricciones inesesarias perfectamente evitables.

Osea, igual. Mira al viejo ql, es el t√≠pico ctm ignorante nacionalista engreido.

Pasa la misma wea en Venezuela con el maburro y pol√≠ticos bolivarianos dici√©ndole a Per√∫ y Ecuador que existen gracias a ellos y trat√°ndolo en menos por weas que ni ellos saben.

Si supieran que Ecuador se independiz√≥ solo y bolivar lo anexo a punta de ca√±on o que Per√∫ fue independizado a la fuerza y para remate bolivar se volvi√≥ un dictador que fue hechado del Per√∫ por inecto y malicioso.

Por weas como estas el ejercito chileno tiene que invertir de sobra en armas (que en parte esta bien, todo estado naci√≥n necesita de defensa) pero si no fuera por weones ignorantes como esos ql chances hubo y puede que existan de que las naciones a nivel pol√≠tico y social se llevar√°n mejor en su historia y pudi√©ramos prescindir de unas cuantas armas y el dinero que se usan para comprarlas podr√≠an ser mejor usadas en salud o educaci√≥n.

Pero ya pensamientos m√≠os.",Ofensive
"En el ""relato"" hispanista que conozco s√≥lo Inglaterra y nuestros pa√≠ses quedan mal parados, ni uno se salva. No se que entender√°s por ""hispanismo"".

Inglaterra ten√≠a inversiones en los tres pa√≠ses al mismo tiempo y pr√°cticamente nos ten√≠an agarrados de abajo a los tres por no poder colaborar, ganara quien ganara los ingleses seguir√≠an con sus inversiones unilaterales durante d√©cadas con los tres pa√≠ses enemistados.

Y por otro lado es eso lo que el hispanismo suele decir, hemos perdido el tiempo por tonter√≠as en lugar de actuar como naciones civilizadas o un frente m√°s unido o que, siendo honestos, pelearse por weas de hace 500, 200 o 100 a√±os y no avanzar de verdad es lo que ayuda mantenernos tercermundista o directamente no poder sacar nuestro potencial en caso de avanzar genuinamente.

Si sigui√©ramos haciendo caso a los chovinistas Peruanos, Bolivianos e incluso de nuestro pa√≠s como hace m√°s de 130 a√±os, probablemente hubi√©ramos tenido muchas m√°s guerras in√∫tiles o directamente estar√≠amos peor que ahora.

Es como lo que pasa con Bolivia y su nacionalismo e indigenismo barato, cuantos proyectos o ayudas han rechazado por ellos.

Mega carreteras, comercio internacional y puertos a bajo o casi ningun coste de parte de Chile y Per√∫ y eso a su vez nos ha afectado negativamente por las oportunidades econ√≥micas y de colaboraci√≥n por seguir ideolog√≠as tontas.

Prefiero mil veces dejar de escuchar a weones podridos que no saben ni lo b√°sico de historia y empezar a hablar y colaborar con el resto que si est√° dispuesto en la regi√≥n, m√°s a√∫n cuando hablamos el mismo idioma y estamos m√°s cercas que facilita bastante varias cosas.

Porque al final del idea, nunca se nos marcharemos y ellos tampoco.",Ofensive
"1.- me carga el roteo de los seudo intelectualoides, pobres weones que despues andan llorando 

2.- de 1990 al 2025 solo han existido 8 a√±os de gobiernos de derecha, asi que si teni la ducha colgando con pita, no es por la derecha precisamente 

3.- no existe la clase obrera y el codigo del trabajo nace en el gobierno de Iba√±ez del Campo 

4.- si quieres votar por Kast, esta bien, si quieres por Jara tambien esta bien, incluso si quieres votqr por Kaiser ( a quien encuentro un aweonao) esta bien, lo que no esta bien es andar ninguneando y rotear a la gente por su voto, eso te hace un saco de weas mayor que Kaiser",Ofensive
"a las cruzadas por una promesa que jam√°s recibir√°n, pero bueno‚Ä¶ sigan creyendo no m√°s, lo bonito de la democracia es que existe el voto nulo, regalar el voto a 3 weones sectarios y 2 aweonaos buenos para nada no representa a lo que quiero como pa√≠s, al contrario, estos",Ofensive
"sectarios y 2 aweonaos buenos para nada no representa a lo que quiero como pa√≠s, al contrario, estos weones dar√°n tantas propuestas que solo tomaran las de corto plazo para quedar bien con la ciudadan√≠a",Ofensive
"No se wn, yo le diria ""flaca dejate de hablar weas y vamos a culear mejor""",Ofensive
"Estaba pasando p√°gina mientras pensaba y dec√≠a, barras qls estos weones est√°n matando el futbol. Bah, ¬øqu√© wea Miguelito? Xd",Ofensive
"Desde peque√±o supe que, en si no es ser el weon psic√≥pata malo maluco que vaya a matar, pero si disfruto de cosas que la supergente social mente com√∫n no.

Cuando peque√±o me quedaba mirando el fuego con animo de que se expandiera y quedar√° la cag√°. Si veo una pelea que no involucre a alguien que aprecio, dejo que pase lo que tenga que pasar y disfruto el espect√°culo.
Disfruto mucho y en silencio el mal ajeno cuando la vieja culia que pone cara de pena le pasa algo malo y nadie la ayuda (apl√≠quese a todo engendro que vive de poner caras para conseguir algo).

No es ser el",Ofensive
"psic√≥pata malo maluco que vaya a matar, pero si disfruto de cosas que la supergente social mente com√∫n no.

Cuando peque√±o me quedaba mirando el fuego con animo de que se expandiera y quedar√° la cag√°. Si veo una pelea que no involucre a alguien que aprecio, dejo que pase lo que tenga que pasar y disfruto el espect√°culo.
Disfruto mucho y en silencio el mal ajeno cuando la vieja culia que pone cara de pena le pasa algo malo y nadie la ayuda (apl√≠quese a todo engendro que vive de poner caras para conseguir algo).

No es ser el weon ohhh! Pr√≥ximo serial killer, pero se que no es de buena persona disfrutar el sufrimiento de otros. O por lo menos socialmente no lo es.",Ofensive
"Tu amiga es mas weona que los perritos nuevos. 

Por lo demas he escuchado historias de real horror de latinas con asiaticos y la wea termina mal. De hecho la parte donde le pide la plata de vuelta es calcada a la de una TikToker mexicana que el coreano le dijo que si quer√≠a terminar le ten√≠a que dar unos cuantos miles de dolares (y creo que esa tambi√©n es costumbre cuando la mujer pide el divorcio al hombre). Los coreanos y asiaticos en general tienen una opini√≥n super paup√©rrima de las latinas (si, pa ellos somos todas maracas). 

En serio, tu amiga vuelve en un cajon de su pr√≥ximo viaje o lista pa'l corbateo. Y tu no exageras, pero si ella no quiere escuchar, que vas a hacer, esconderle el pasaporte?",Ofensive
", no lo conoce quizas le pasa lo mismo que a cualquier weona pica a cuica. Que la anden humillando por un poco de plata, no tiene relacion ele stereotipo de weas que le gustaron con ese ql que describes. plata plata plat la codicia la llevara donde merece",Ofensive
"Wtf que wea te pasa we√≥n 


>lol see lee 100% como alguien que gusta de su amiga, aunque pens√© que eras mujer en un principio.

Justamente estoy dando contexto pa que NO piensen o asuman esa we√°. Los hombres pueden tener amigas sin que te gusten po wn, no seas mandril.


>Donde se ve la obsesi√≥n? Mira la extensi√≥n de lo que escribes sobre ella. 

Aweonao culiao mi amiga de la infancia podr√≠a estar en peligro real con un gringo culiao raro y t√∫ quieres que describa el problema en 3 l√≠neas? Siento mucho si t√∫ cerebro de mandril no puede procesar m√°s de 3 l√≠neas sin distraerse, pero para dar el contexto, necesitaba ser extenso, por lo dem√°s, el mismo t√≠tulo avisa que ser√° un texto largo, no seas aweonao por partida doble.

>Tu respuesta a mi comentario no es una respuesta, solo fue un espacio para que hables m√°s de ella.

NO WEIII???? ESTOY HABLANDO DE MI AMIGA Y DANDO M√ÅS CONTEXTO EN UN POST QUE ES PRECISAMENTE SOBRE ELLA Y SU POSIBLE PROBLEMA????
Que we√° que ser√≠as que hablara aweonao mandril? Del jurgol? OBVIO QUE VOY A HABLAR SOBRE MI AMIGA EN UN HILO QUE ES SOBRE MI PREOCUPACI√ìN POR SU SITUACI√ìN ü§¶ü§¶ü§¶
y reitero, los hombres podemos tener amigas sin tenerles ganas o querer algo, deja de pensar con la pichula, simio.


>Nada, ya te desahogaste con el doxxeo? 

No, porque me preocupa que me pase algo, aweonao infantil.


>Literal viniste a contar algo de otra persona xd

No WEIII???? En serio??? Tus respuestas son tan recontra aweon√°s que te vas bloqueado al toque. 
Uno preocupado por su amiga y este mandril re culiao viene a pasarse pel√≠cula y hablando de ""obsesi√≥n"" cuando no me conoce ni a mi ni a ella, y sacando conclusiones",Ofensive
", no seas mandril.


>Donde se ve la obsesi√≥n? Mira la extensi√≥n de lo que escribes sobre ella. 

Aweonao culiao mi amiga de la infancia podr√≠a estar en peligro real con un gringo culiao raro y t√∫ quieres que describa el problema en 3 l√≠neas? Siento mucho si t√∫ cerebro de mandril no puede procesar m√°s de 3 l√≠neas sin distraerse, pero para dar el contexto, necesitaba ser extenso, por lo dem√°s, el mismo t√≠tulo avisa que ser√° un texto largo, no seas aweonao por partida doble.

>Tu respuesta a mi comentario no es una respuesta, solo fue un espacio para que hables m√°s de ella.

NO WEIII???? ESTOY HABLANDO DE MI AMIGA Y DANDO M√ÅS CONTEXTO EN UN POST QUE ES PRECISAMENTE SOBRE ELLA Y SU POSIBLE PROBLEMA????
Que we√° que ser√≠as que hablara aweonao mandril? Del jurgol? OBVIO QUE VOY A HABLAR SOBRE MI AMIGA EN UN HILO QUE ES SOBRE MI PREOCUPACI√ìN POR SU SITUACI√ìN ü§¶ü§¶ü§¶
y reitero, los hombres podemos tener amigas sin tenerles ganas o querer algo, deja de pensar con la pichula, simio.


>Nada, ya te desahogaste con el doxxeo? 

No, porque me preocupa que me pase algo, aweonao infantil.


>Literal viniste a contar algo de otra persona xd

No WEIII???? En serio??? Tus respuestas son tan recontra aweon√°s que te vas bloqueado al toque. 
Uno preocupado por su amiga y este mandril re culiao viene a pasarse pel√≠cula y hablando de ""obsesi√≥n"" cuando no me conoce ni a mi ni a ella, y sacando conclusiones weonas a pito de nada xddd

Amigo socialize m√°s con mujeres, parece que el incelismo te tiene mal y no puedes ver a las mujeres como otra cosa que algo que culiarse o andar detr√°s de ellas. Espero se cure amigo.",Ofensive
"weon. Le estay llorando a un gordo qlio de reddit pq no entiende la importancia que le das a tu amiga, enserio esperabas que todos los comentarios entendieran tu situaci√≥n emocional de amistad?

Atte, un",Ofensive
". Le estay llorando a un gordo qlio de reddit pq no entiende la importancia que le das a tu amiga, enserio esperabas que todos los comentarios entendieran tu situaci√≥n emocional de amistad?

Atte, un weon q tiene mejor amiga q todos piensan q somos pololos",Ofensive
"con el hecho de que el probable proximo presidente haga mucho menos de lo que hizo el actual. Y obvio po wn, no va a ir nadie a parar la.wea o a poner el.pecho a las balas o a repartir panes con palta, pero se pueden ejercer presiones diplom√°ticas (exigir dichas sanciones como ciudadanos) y cortar relaciones con empresas del pseudo estado. 

A ustedes les gusta la globalizacion por puras weas, en vez de verla como oprtunidad de solidaridades internacionales.",Ofensive
"creeme que nunca fui adonis, tampoco un feo qlo...

pero cuando te dedicas a lo tuyo: carrera, trabajo, ejercicio, etc el resultado es atraer mas minas a tu alrededor.

cuando salia a citas tenia tema de conversacion, no picaba a las preguntas trampa que me tiraban, y era medio pesado: onda si te gusta bien sino tambien.

Cuantas veces no pasa que un weon desesperado le dice que si a todo a las mujeres y por eso mismo no lo pescan ni para un cari√±o.

Tu seguridad y proyectar masculinidad es la formula tan vieja como el hilo negro, puede ser la",Ofensive
"Esto es verdad. 

Yo s√© perfectamente como cachar a ese tipo de gente qla.   
Una vez una amiga fue s√∫per grosera y cruel conmigo, y la wna era taaaaaaaaaan rancia en ese aspecto que me dijo que ""esperaba una disculpa de mi parte"" (me discuti√≥ por una wea muy nada la verdad). Nunca m√°s le volv√≠ a hablar. 

Mi empat√≠a, o comprensi√≥n se acaba cuando la persona activamente elige ser cruel. No le tolero esa wea a NADIE.",Ofensive
Total y absolutamente wn. Como le vay a pegar a un pendejo por esa wea. Este qlo tiene problemas de ira y viene pa aca a justificar su gimnasia mental.,Ofensive
cuantas veces hubieran nukeado santiago si algun wn del gobierno del tatan hubiera dicho esas weas,Ofensive
"creo que el wn se habra dado cuenta que decir ""oigan y si sacamos a los abuelitos de punta peuco? si ya estan viejitos"" o su asesor de campa√±a esta haciendo la pega y le dijo aweonao, cosa que deberian hacer mas asesores sinceramente",Ofensive
Somos varios que s√≠ nos importa que este csm y todos sus compa√±eros mueran presos. No entiendo como puede haber gente decente que no le importe sabiendo quien es y lo que hizo. Es precisamente uno de los motivos porque yo y mucha gente jamas le dar√≠amos el voto a un weon como Kast.,Ofensive
"De acuerdo contigo de que no supimos valorar a Pi√±era, digan todas las weas que quieran pero el culiao hasta muri√≥ como h√©roe. Ahora, creo que Matthei es por lejos un mal mucho menor que Kast. El equipo econ√≥mico de Kast es una verguenza, todos los equipos de los 4 candidatos extremos lo son, y Matthei tiene a Briones. Te concedo que Matthei ha resultado ser mucho m√°s weona de lo que todos pens√°bamos, pero no es una fan√°tica fundamentalista. Lo √∫nico concreto que s√≠ le va a dar r√©dito a Kast de su programa en el corto plazo, es adelgazar la l√≠nea entre democracia y autoritarismo para ""controlar la delincuencia"". En el mediano plazo se va a ver lo poco viable que es el tipo de ""mano dura"" que promete la extrema derecha.",Ofensive
Porque el weon es testarudo y sigue impulsando weas que solo en su cabeza funcionan. La izquierda hace la misma wea. Despu√©s cachan que es una estupidez y se les pasa,Ofensive
"Estadio seguro nacio muerto wn, era querer matar un tanque con una pistola de agua, todo sugerencia nada de sanciones firmes por lo que hicieras dentro del estadio, y a nadie le intereso que funcionara pq requeria invertir, cosa que en este pais qlo es mejor ser reactivo y que salga lo mas barato posible",Ofensive
"que no me de m√°s problemas, que se haga cargo de su vida tal y cual como lo hacemos todos los wns que somos adultos funcionales... he tenido experiencias con hombres (no solo parejas,sino, que tambien amigos) que te buscan pa que les resuelvas la vida qlia completa, que quieren movilizarse? teni que ir a buscarlos ya dejarlos a los",Ofensive
"que somos adultos funcionales... he tenido experiencias con hombres (no solo parejas,sino, que tambien amigos) que te buscan pa que les resuelvas la vida qlia completa, que quieren movilizarse? teni que ir a buscarlos ya dejarlos a los wns porque les pesa la raja o creen que porque una tiene auto la hace de uner tambi√©n. 

PERSONALMENTE cuando digo ""no quiero princesos"", es porque basicamente no quiero",Ofensive
"QUE LO INTERPRETE MAL: no hablo de un wn que me mantenga y me patrocine (pa eso me saco la chucha yo trabajando y estudiando pa ser mejor persona y percibir mejores ingresos), pero si que tenga detalles, no se, un chocolatito, que te invite a un cafe con un pan con queso , weas as√≠... simples!!! yo tengo mi casa, mi auto y plata pa andar webiando por ahi.",Ofensive
"Tiktok y sus weas, la fabrica de weones hiperconsumistas, hiper tradicionales, conservadores",Ofensive
"se ofendia (ya que estoy fuera del market hace rato) la mandaba a fre√≠r monos.

Igual que las weonas que me sacan la carrera o situaci√≥n financiera, como hombre me importaba un re pico, si era buena onda, femenina, no mayor que yo bien, asi lleg√≥ mi esposa y as√≠ fue como las reglas las marqu√© de una, y hasta el d√≠a de hoy 10 de 10.

No s√© de cuando tienen esa percepci√≥n que a los hombres les importa las weas que tienen.

Me da pena por los",Ofensive
"que me sacan la carrera o situaci√≥n financiera, como hombre me importaba un re pico, si era buena onda, femenina, no mayor que yo bien, asi lleg√≥ mi esposa y as√≠ fue como las reglas las marqu√© de una, y hasta el d√≠a de hoy 10 de 10.

No s√© de cuando tienen esa percepci√≥n que a los hombres les importa las weas que tienen.

Me da pena por los weones hoy en d√≠a, con tanta qlia pesada que cree que hay que ponerle un altar por que es adulto funcional",Ofensive
">que te buscan pa que les resuelvas la vida qlia completa, que quieren movilizarse? teni que ir a buscarlos ya dejarlos a los wns porque les pesa la raja o creen que porque una tiene auto la hace de uner tambi√©n.

Fuera de webeo jam√°s he visto este tipo de wea excepto en",Ofensive
"porque les pesa la raja o creen que porque una tiene auto la hace de uner tambi√©n.

Fuera de webeo jam√°s he visto este tipo de wea excepto en weones ultra pasteros culiaos que por alguna raz√≥n tienen una mina detr√°s de ellos. Claramente no tienes la misma definici√≥n de princeso que el 80% de las minas all√° fuera. No se define por lo que dices, se define por algo m√°s simple: si vamos a salir, pasame a buscar, dime altiro donde y a que hora, y p√°game la cuenta. Esa es la definici√≥n. No es un ""oye podriamos ir pa ac√°, te tinca?"", porque o sino NEXT. No es un ""encontremonos all√°"", sino NEXT. No es un ""paguemos a media por esta vez, esta primera cita es para conocernos entre los 2"", sino NEXT.",Ofensive
">No s√© de cuando tienen esa percepci√≥n que a los hombres les importa las weas que tienen.


apelo especificamente a esto porque en todo lo dem√°s estoy de acuerdo: en mi experiencia si me han tocado weones interesados que si le importan las hueas que tengo y en base a eso han querido darme vuelta la tortilla a su favor... creo que este tipo de actitudes no es exclusivo de mujeres, sino, de las personas. tanto mujeres como hombres son interesados y k paja. 

Especificamente record√© una situaci√≥n en la que sal√≠ con un",Ofensive
y cuando me iba llendo del lugar el weon sali√≥ a sapiar en que auto yo andaba (k verg√ºenza el ql). cuando llegu√© a mi casa el,Ofensive
"sali√≥ a sapiar en que auto yo andaba (k verg√ºenza el ql). cuando llegu√© a mi casa el wn me habia dejado un mensaje textual:"" que linda camionetita... cuando me sacas a dar una vuelta? ü§≠"". .. me mat√≥.",Ofensive
¬øY eso es culpa de las minas que piden weas o de lo weones que por un minutito de cacha se van con esos cachalotes?,Ofensive
Saco de weas y igual que los qlios in√∫tiles del gobierno actual y la weona chanta y mentirosa de la Jara,Ofensive
"igual es re weona esa distinci√≥n chilensis del t√≠tulo profesional y el grado acad√©mico, en el mundo desarrollado t√∫ sacas tu grado (licenciatura) en la U que a la vez es tu t√≠tulo, luego tienes IP que entregan ""t√≠tulo profesional"" pero sin grado acad√©mico, y lo peor es que muchas veces el mercado los prefiere por sobre un",Ofensive
"gracias, jerga ql weona",Ofensive
"no podis admirar a Pinochet.

no podis admirar al gobierno israeli

no podis admirar a Stalin.

no podis admirar a Hitler.

no podis admirar a los gringos.

no podis admirar a Putin.

no podis admirar a los Kim (norcorea).

no podis admirar a la dictadura Cubana.

no podis admirar a Chavez y el Chavismo (maduro).

no podis admirar a wns que usan el terror como lema o pseudo ""lucha""

las weas y",Ofensive
"que usan el terror como lema o pseudo ""lucha""

las weas y wns que estan mal, estan mal y punto. Da lo mismo si son Chilenos o extranjeros.",Ofensive
Son weones sin moral o son sumamente aweonaos. En algunos casos las dos juntas.,Ofensive
"mal ejemplo, los wnes que comentan weas del helicoptero son edgys nomas. 
los que de verdad admiran a pinochet dan puro cringe, raro que sean todos v",Ofensive
"Realmente eres un sacowea.
O sea uno puede equivocarse, pero eres weon, forma parte de ti, realmente no pensaba que exist√≠a gente as√≠ de est√∫pida",Ofensive
"porque lo que dices no es l√≥gico, no hay una conexi√≥n l√≥gica en lo que t√∫ dices.
Caes en falacia de hombre de paja, en falacia de generalizaci√≥n apresurada y falacia de falso dilema.
Te lo dicen y sigues metido en tu pensamiento weon.
Realmente eres aweonao amigo, tampoco asumas que soy anticomunista, simplemente tu pensamiento es incoherente",Ofensive
"Pero si en el mismo post tambi√©n dije que hab√≠an personas perjudicadas como pensionados... no cambies el tema rey que quedas mas como sacowea, que chucha tu forma de pensar wn no me sorprender√≠a que tuvieras 15 a√±os",Ofensive
"En efecto, tienes como 13 a√±os. Oye wn, por si acaso, sali√≥ actualizaci√≥n del italian braintrot en Roblox, para que dejes de webiar en este subreddit. Existen tantos insultos hermosos, ¬øy sal√≠ con esas weas?, esfu√©rzate m√°s por favor.",Ofensive
"pero no fue pi√±era, el brazitos cortos logro hace algo que a√±os despues especialmente la derecha no ha logrado entender  
que si ofreces weas economicas y no te pones a decir weas es facil ganar  
el tio pi√±i la wea mas homofoba que dijo fue lo de que el matrimonio por un tema cultural era hombre y mujer  
creo que el wn no se pego ninguna wea misogina a cagar como kast y la bendicion por violacion  
y asi",Ofensive
"tambien que hay animales que incluso si llegaron para despues reintroducirse en la naturaleza(animales que perdierona sus madrers por ejemplo) algunos se acostumbran a esa vida y pierden instintos  
y mandarlos a la naturaleza seria matarlos  
en ig sigo una cuenta que sube weas de un centro para focas y cuenta que hay una foca que han intentado liberarla como 3 veces pero la weona siempre vuelve",Ofensive
"tai mas weon, en chile NUNCA se devuelve la garant√≠a. es un mito esa wea xddd",Ofensive
"Nada que ver pero ojal√° no manden c√≥digo de la empresa en cuentas gratuitas wn, es tremendo leak y futuro posible cacho. Traten de pedir weas gen√©ricas, medias agnosticas, etc. Solo como consejo.",Ofensive
Hermanito tirate el cel o el email del wn para dar su contacto en puras weas de publicidad. Para que le revienten el cel a llamadas o emails spam,Ofensive
"no s√© wn no s√©, hoy di una entrevista de sql y me fue como la verga, s√© caleta pero me congel√© y val√≠ verga, ponle a sql, docker, git y un lenguaje, java, python, algo as√≠.",Ofensive
", usa la IA, que las nenas no te importen que te destruye el cerebro, tu gana plata no m√°s wn, despu√©s te retiras con plata y gg. pta madre, me equivoqu√© en puras weas hacker rank ql",Ofensive
"que est√©n antes de que llegar√°s no significa que no se pueda recalcular, sobre todo si eres jr, pide revaluar los tiempos por que a la larga vas a terminar vuelto loco, y ah√≠ es donde viene lo que te indico el otro user, te falta habilidades blandas, o sea comunicar estos casos.

Y si el tech lead no comprende eso, es que el qlo o es terrible wn o el qlo se esta aprovechando de que eres jr",Ofensive
"T√≠pico  de UC en mi pega habia una wna UC que webeaba n a los viejos o roteaba..Al final la hecharon  por un c√∫mulo de weas , pero ah√≠ me salen sus estados los domingos como monitora de pastoral con los √±i√±os  de su iglesia ..en la semana son una mierda  de persona y el domingo a rezar  ctm.",Ofensive
